image_path,frame_id,xte,steering,throttle
445_cam-image_array_.jpg,0,-0.071520194,0.0,0.0042802209540086
446_cam-image_array_.jpg,1,-0.07491781,0.0,0.0341959898678548
447_cam-image_array_.jpg,2,-0.055671893,0.0,0.0470137638477736
448_cam-image_array_.jpg,3,-0.04896547,0.0,0.2008651997436445
449_cam-image_array_.jpg,4,-0.054714262,0.0,0.2008651997436445
450_cam-image_array_.jpg,5,-0.07572545,0.0,0.1837672048097171
451_cam-image_array_.jpg,6,-0.06480403,0.0,0.1859035004730369
