{
    "cam/image_array": "2_cam-image_array_.jpg",
    "cte": 0.05236831,
    "lap": null,
    "milliseconds": 150,
    "pilot/angle": -0.019914761185646057,
    "pilot/throttle": 0.29503124952316284,
    "sector": null,
    "speed": 0.007408579,
    "user/angle": 0.0,
    "user/mode": "local",
    "user/throttle": 0.0
}