{
    "cam/image_array": "89_cam-image_array_.jpg",
    "cte": -0.005289602,
    "lap": null,
    "milliseconds": 4519,
    "pilot/angle": 0.038983967155218124,
    "pilot/throttle": 0.28541266918182373,
    "sector": null,
    "speed": 2.639607,
    "user/angle": 0.0,
    "user/mode": "local",
    "user/throttle": 0.0
}