{
    "cam/image_array": "88_cam-image_array_.jpg",
    "cte": -0.005289602,
    "lap": null,
    "milliseconds": 4466,
    "pilot/angle": 0.020668882876634598,
    "pilot/throttle": 0.27505743503570557,
    "sector": null,
    "speed": 2.639607,
    "user/angle": 0.0,
    "user/mode": "local",
    "user/throttle": 0.0
}