{
    "cam/image_array": "103_cam-image_array_.jpg",
    "cte": 0.005813817,
    "lap": null,
    "milliseconds": 5222,
    "pilot/angle": 0.17927038669586182,
    "pilot/throttle": 0.29438889026641846,
    "sector": null,
    "speed": 3.006749,
    "user/angle": 0.0,
    "user/mode": "local",
    "user/throttle": 0.0
}