{
    "cam/image_array": "286_cam-image_array_.jpg",
    "cte": -0.07951751,
    "lap": null,
    "milliseconds": 14433,
    "pilot/angle": -0.44322818517684937,
    "pilot/throttle": 0.28860190510749817,
    "sector": null,
    "speed": 5.301597,
    "user/angle": 0.0,
    "user/mode": "local",
    "user/throttle": 0.0
}