{
    "cam/image_array": "293_cam-image_array_.jpg",
    "cte": 0.3561983,
    "lap": null,
    "milliseconds": 14786,
    "pilot/angle": -0.004682265222072601,
    "pilot/throttle": 0.24691087007522583,
    "sector": null,
    "speed": 5.280878,
    "user/angle": 0.0,
    "user/mode": "local",
    "user/throttle": 0.0
}