{
    "cam/image_array": "66_cam-image_array_.jpg",
    "cte": 0.02355345,
    "lap": null,
    "milliseconds": 3354,
    "pilot/angle": 0.0026621297001838684,
    "pilot/throttle": 0.30006659030914307,
    "sector": null,
    "speed": 2.029845,
    "user/angle": 0.0,
    "user/mode": "local",
    "user/throttle": 0.0
}