{
    "cam/image_array": "292_cam-image_array_.jpg",
    "cte": 0.3561983,
    "lap": null,
    "milliseconds": 14734,
    "pilot/angle": -0.022509582340717316,
    "pilot/throttle": 0.25586792826652527,
    "sector": null,
    "speed": 5.280878,
    "user/angle": 0.0,
    "user/mode": "local",
    "user/throttle": 0.0
}